<sprites>
	<player anim_speed = "0.2f">
		<idle loop = "true">
		
			<sprite x="0" y= "0" w= "64" h="64"/>
			<sprite x="64" y= "0" w= "64" h="64"/>
			
		</idle>
		
		<run loop = "true">

			<sprite x="128" y= "0" w= "60" h="64"/>
			<sprite x="192" y= "0" w= "60" h="64"/>
			<sprite x="128" y= "64" w= "60" h="64"/>
			<sprite x="192" y= "64" w= "60" h="64"/>
			<sprite x="128" y= "128" w= "60" h="64"/>
			<sprite x="192" y= "128" w= "60" h="64"/>
			<sprite x="128" y= "192" w= "60" h="64"/>
			<sprite x="192" y= "192" w= "60" h="64"/>
			<sprite x="128" y= "256" w= "60" h="64"/>
			<sprite x="192" y= "256" w= "60" h="64"/>

		</run>
		
		<run_left loop = "true">

			<sprite x="328" y= "0" w= "54" h="64"/>
			<sprite x="256" y= "0" w= "54" h="64"/>
			<sprite x="328" y= "64" w= "54" h="64"/>
			<sprite x="252" y= "64" w= "61" h="64"/>
			<sprite x="323" y= "128" w= "60" h="64"/>
			<sprite x="256" y= "128" w= "53" h="64"/>
			<sprite x="328" y= "192" w= "52" h="64"/>
			<sprite x="256" y= "192" w= "56" h="64"/>
			<sprite x="325" y= "256" w= "57" h="64"/>
			<sprite x="256" y= "256" w= "58" h="64"/>

		</run_left>
		
		<jump loop = "false">

			<sprite x="384" y= "0" w= "64" h="64"/>
			<sprite x="448" y= "0" w= "64" h="64"/>
			<sprite x="384" y= "64" w= "64" h="64"/>
			<sprite x="448" y= "64" w= "64" h="64"/>
			<sprite x="384" y= "128" w= "64" h="64"/>
			<sprite x="448" y= "128" w= "64" h="64"/>
			<sprite x="384" y= "192" w= "64" h="64"/>
			<sprite x="448" y= "192" w= "64" h="64"/>
			<sprite x="384" y= "256" w= "64" h="64"/>
			<sprite x="448" y= "256" w= "64" h="64"/>

		</jump>
		
	</player>

</sprites>